nama_produk,harga,nama_toko,kota,terjual,rating
KRUPUK SEBLAK RAFAEL | SEBRING | KERUPUK MAWAR PEDAS DAUN JERUK 250 GR,21630,Toko kue Sumber Mas,Jakarta Timur,40,5.0
Seblak Instan Ceu Nthien Khas Bandung Rasana Ngeunah Pisan,17000,Central Seblak Nusantara,Tangerang Selatan,2000,4.9
"Seblak Rafael, Seblak Coet Instan Halal",25000,Brother Meat Shop,Depok,500,5.0
Seblak Rafael/Seblak Coet Instan Halal,26600,Foodstocks,Jakarta Selatan,500,4.9
Seblak instan komplit / seblak instan murah,5000,ismileusa_id,Kab. Bandung,100,4.7
Kylafood Seblak Rempah Authentik,8888,kylafood,Bandung,2000,4.9
SEBLAK INSTANT TERMURAH,4450,Pusat Cuankie & Cemilan Frozen,Jakarta Timur,10000,4.8
Seblak Instan Pedas Home Made,3500,the Dhecip,Tangerang Selatan,4000,4.9
Kerupuk Mentah 250gr Seblak Mentah,5900,Pedas Gilaa,Surabaya,1000,5.0
Seblak Instant Homemade Lengkap Bumbu,5500,Pedas Gilaa,Surabaya,3000,4.8
"KERUPUK SEBLAK MENTAH ANEKA WARNA - Matahari, 500 gram",11500,jajanangarut19,Jakarta Selatan,500,4.8
Paket Isi 4 Batagor Instan | Makaroni Basah | Seblak Basah,64906,Lakoca Official Shop,Cimahi,30,4.9
Kerupuk Seblak RAFAEL / Krupuk Seblak Pedas Bantet - Molagi Snack - 250 Gram,16000,MOLAGI SNACK,Tangerang Selatan,16,4.5
Paket Isi 6 Cuanki Instan Lakoca | Batagor Instan | Seblak Basah GFS,93840,Lakoca Official Shop,Cimahi,100,4.8
Kerupuk Seblak Rafael Viral,12000,Golden Cakery,Jakarta Pusat,70,4.9
BASO ACI HOMEMADE boci isi12 bakso aci termurah baso aci fresh seblak,5400,NomeL Shop,Surabaya,3000,4.6
"makaroni kriuk 500g pedas extra daun jeruk,cemilan nikmat,seblak,makan",25000,anugrah seblak,Kab. Bandung,250,4.8
Seblak Instan Komplit Pedas Gurih Nikmat,5999,Baso Aci Ayang,Kab. Garut,3000,4.9
Cuanki Lidah Topping Baso Aci Seblak Isi 50 Biji,13000,Pedas Gilaa,Surabaya,100,4.9
Mamafuji - PROMO BUNDLING !!! SEBLAK & BAKSO ACI,41999,Mama Fuji Official,Tangerang,100,4.7
Kylafood Seblak Original,21375,kylafood,Bandung,10000,4.9
BASRENG 1 KG SEBLAK DAUN JERUK PURUT SUPER PEDAS ORIGINAL SUPER RENYAH,51771,Grosir Besar Kalimantan,Banjarbaru,50,5.0
Kylafood Seblak Rempah Autentik isi (5pcs),61275,kylafood,Bandung,250,4.8
seblak mercon pedas galak,3500,BUGAR STORE.,Kab. Garut,3000,4.5
Geli Food Seblak Ceker Tanpa Tulang Super Pedas 180gr,25000,Lidigeli,Kab. Garut,100,4.9
kerupuk ikan mentah putih seblak gurih renyah garing 1000gr - S,27075,Radja Herbal Indonesia,Kab. Bekasi,19,5.0
[PUTRI] Seblak Instan Ceu Nthien Khas Bandung Rasana Ngeunah Pisan,17000,Central Seblak Nusantara,Tangerang Selatan,1000,5.0
Kylafood Seblak Rempah Autentik,13000,Kylafood Jakarta,Jakarta Selatan,250,5.0
SEBLAK KERING 100gr DUA VARIAN RASA,4500,jajanangarut19,Jakarta Selatan,250,4.7
Seblak Instan Kenyang Murah Asli Bandung Reseller Tanpa Pengawet,7138,Berkah Food Bandung,Cimahi,7000,4.9
Kylafood Seblak Cup,12510,kylafood,Bandung,500,4.9
Kylafood Seblak Original Play,14875,kylafood,Bandung,1000,4.9
12 Bungkus Mix Baso Aci isi 6 pcs X Seblak Instan isi 6 pcs,38777,Semangkok Boci,Kab. Klaten,60,4.8
Seblak RAFAEL | Seblak MAMANG RAFAEL | Seblak Viral ORIGINAL TATANGGA,44500,Beauty DELUXE,Jakarta Barat,60,4.9
Seblak Cobek Pedas Coet Viral ala Rafael Bumbu Khas Rempah,7950,AMANA SNACK,Tangerang Selatan,26,5.0
SEBLAK KERING CIKRUH BUMBU KACANG VARIAN CAMPUR,10799,Simshop_,Cimahi,60,4.7
"seblak krupuk 5000 ,pedas dan gurih",5000,anugrah seblak,Kab. Bandung,1000,4.7
KERUPUK MENTAH SERBA 5000 BAHAN SEBLAK,6000,GK_Snack,Kab. Bandung,1000,4.9
Kerupuk Seblak Beton As Kering Cikruh 500 Gr Bumbu Organik Pedas Gurih,27500,kerudung bunga,Cimahi,40,5.0
Kerupuk Seblak Pedas Krupuk Pelangi Pedas Seblak 200gram,15000,toko bemo,Jakarta Timur,500,4.9
Seblak Sultan instant,14000,Sultan Meat Shop,Medan,250,4.8
Kylafood Paket Seblak Cup isi 4 pcs,50040,kylafood,Bandung,80,5.0
Kerupuk Seblak Rafael / Seblak Pedas 250 Gram - Tam Snack,16000,TAM SNACK,Depok,60,5.0
Kylafood Seblak Cup,13500,Kylafood Jakarta,Jakarta Selatan,250,4.9
(HARGA TERMURAH) seblak instan mantap,3900,baso aci zahra,Kab. Bandung,1000,4.7
KERUPUK / KERUPUK MENTAH / KERUPUK SEBLAK MENTAH / KRUPUK BWG 200gr,5750,SuperSnacksShop,Kab. Bandung,1000,4.9
SEBLAK KERING PEDAS DAUN JERUK,17500,BociKakang,Jakarta Selatan,1000,4.6
Seblak Instan Bang Satria Kemasan Premium 1 PCS,21250,Pusat Pajamas Tasik,Tasikmalaya,8,5.0
Makaroni bantet pedas daun jeruk 1kg makroni bantet seblak pedas gurih,14960,camilanqu_shop,Kab. Majalengka,26,4.7
seblak instant sajodo snak,18950,hikmah berkah jaya,Jakarta Barat,1000,4.9
seblak instant komplit bumbu cikruh bandung aufaro snack,6800,AUFARO SNACK,Kab. Bandung Barat,500,4.9
paket mix 12PCS boci cuanki seblak,38999,nayismail,Cimahi,50,4.9
Cuanki Lidah 50 pcs topingan seblak baso Aci bakso cuanki,14000,Distributor Cuanki dan Seblak,Kab. Bekasi,750,4.9
Seblak pedas kerupuk pedas kiloan 1 kg,35000,RIKI STORE 97,Kab. Bogor,100,4.7
3 SEBLAK FREE BASO ACI,61583,Sajodo Snack & Food,Tasikmalaya,100,4.9
GURILEM MINI 1KG Siomay Kering Toping Baso Aci Cuanki Seblak,29000,Pedas Gilaa,Surabaya,1000,4.9
Agen Seblak Mommy,9999,Kenal Jaya Bandung,Bandung,4000,4.9
SEBLAK INSTAN NGABRET BANDUNG - SURABAYA SEBLAK INSTAN KOMPLIT,5048,Uai Food,Surabaya,50,4.5
S1 Seblak Instan Bang Satria Seuhah,28000,Ruth Store',Jakarta Pusat,6,5.0
Cuankie Tahu Gepeng Topping Baso Aci Seblak,22499,Pusat Cuankie & Cemilan Frozen,Jakarta Timur,100,4.9
3 BASO ACI FREE SEBLAK SAJODO SNACK & FOOD,62000,Sajodo Snack & Food,Tasikmalaya,100,5.0
SEBRING KRUPUK KERUPUK SEBLAK KERING PEDAS DAUN JERUK 1KG CABE ASLI,16000,Aydaa Snack,Surakarta,100,4.9
Cipak Koceak Cirambay Cireng Seblak Basreng Bojot khas tasik camilan,10000,AMANA SNACK,Tangerang Selatan,100,4.7
MAKARONI bantet 70gr krupuk SEBLAK krupuk UDANG KERUPUK BANTET,2600,NomeL Shop,Surabaya,500,4.8
Kylafood Paket (3 Seblak Original 2 Batagor kuah),95000,kylafood,Bandung,3000,4.9
TOPPING SEBLAK/BASO ACI PAKET MIX TERMURAH/CUANKI/CUANKIE,34999,ArfaOnlineShop,Tangerang,100,4.9
KerUpuk Seblak Kerupuk Beton Pedas Daun Jeruk 250gram,15000,Mega_Snack_095,Cimahi,24,4.7
Seblak Komplit⠀⠀,5400,lisdhacollection,Kab. Garut,4000,4.8
Kerupuk seblak kering kencur 500gram /seblak kering pedas daun jeruk,28700,oyun kriukzz,Jakarta Barat,750,4.9
bumbu seblak basah instan,26666,Kickball Official,Bandung,250,4.7
Baso Aci & Seblak Home Made,5500,Rodhi snack,Kab. Nganjuk,30,5.0
Basreng 250GR SEBLAK PEDAS MANIS ORIGINAL JONTOR SUPER ENAK,14850,Grosir Besar Kalimantan,Banjarbaru,20,4.8
Kerupuk seblak beton as kering cikruh 1 kg bumbu organik pedas gurih,49000,kerudung bunga,Cimahi,25,4.8
Kerupuk jengkol dan seblak beton (satu paket) rasa pedas kemasan 250 g,15500,Seblak Guludug Bandung,Kab. Bandung,16,5.0
SEBLAK INSTAN TERMURAH,3500,Cemilan-Ce,Kab. Sidoarjo,100,4.9
"Kylafood Paket ( Seblak Original, Batagor, Cireng Rujak, Boci Goang)",76000,kylafood,Bandung,750,4.9
Kerupuk Seblak Pedas 200gram,18000,toko bemo,Jakarta Timur,100,4.8
SEBLAK INSTAN MANG MUSS - LEVEL 10,13999,Seblak Mang Muss,Tasikmalaya,750,4.9
Seblak Rempah Autentik isi 5 pcs,63000,Kylafood Jakarta,Jakarta Selatan,100,4.9
Cemilan Snack Kekinian | varian Kerupuk Seblak - Original,8000,SNACK TIMEE,Medan,0,0.0
"Cemilan Snack Krupuk Seblak Pedas Bawang Kencur, Kerupuk Warna Warni Pedes & Renyah - 100 gr",8500,Toko Jajan Murah Online,Surabaya,0,0.0
Kerupuk seblak mentah/kerupuk ikan udang/kerupuk Oren 250gram.,7500,Ambar rempah,Tangerang Selatan,0,0.0
kerupuk seblak pedas 1 kg / kerupuk seblak,35625,Adila_Putri_Snack,Kab.Ciamis,100,4.8
kerupuk seblak pedas/kerupuk jablai 100gram,8000,Warung Snackk,Tangerang,16,5.0
KERUPUK / KRUPUK SEBLAK RASA PEDAS / TERLARIS / KILOAN 500 GR,31164,Toko kue Sumber Mas,Jakarta Timur,100,4.8
Kerupuk Bawang Orange Dan Putih 1kg 1kilo Cocok Untuk Seblak Nasi Uduk - Putih,24500,Distributor-Jaya,Tangerang,100,5.0
Kerupuk Seblak Kencur Pedas 1 kg Termurah,8000,MuezzaSnack,Kab. Cirebon,22,4.8
SEBLAK INSTAN MOMMY,13900,Rav Jaya Display,Kab. Tangerang,1000,4.8
Pilus Cikur 1Kg Khas Garut Topping Baso Aci / Seblak,33000,Pedas Gilaa,Surabaya,500,4.9
KERUPUK/KRUPUK SEBLAK RASA PEDAS TERLARIS ISI 250 GRAM NETT,16695,Toko kue Sumber Mas,Jakarta Timur,250,4.9
kerupuk seblak ALN2 kemasan 100 gr,12000,grosir sembako Aln2,Kab. Bandung Barat,0,0.0
PROMO KEMERDEKAAN SEBLAK + KRISANG 200 GR,79000,Central Seblak Nusantara,Tangerang Selatan,0,0.0
Kylafood Paket Paket 2 Seblak Cup + 4 Seblak Autentik,71460,kylafood,Bandung,16,4.8
Pasar Keripik Kerupuk Seblak Mawar Mini Pedas size Kecil,12500,Pasar Keripik Bandung,Bandung,100,4.9
"siomay kering bandung 500 gr. untuk baso aci, seblak ,mie ayam dll",14999,aghniya,Tangerang Selatan,1000,4.9
SEBLAK INSTAN SAJODO SNACK,18500,Sajodo Snack & Food,Tasikmalaya,100,4.8
"Toping Seblak Baso Aci PAKET MIX 150pcs Cuanki Lidah, Siomay dan Baso",42500,gaiagarut,Kab. Garut,250,4.8
"baso aci, bakso aci, cuanki, seblak instan, boci",8000,baso aci masabi,Jakarta Selatan,2000,4.8
seblak basreng pedas original exstra daun jeruk 500gram,25000,seblak bandung99,Kab. Bandung,2000,4.8
1 Kg Kerupuk Seblak Kencur Bantet Pedas Nikmat Harga Camilan Grosir Snack Viral,7400,Grosir Jaya Snack,Surabaya,3,0.0
"BATAGOR MINI KERING 100 PCS TOPING BASO ACI, SEBLAK DAN MIE INSTAN",11000,global cookware1,Jakarta Barat,750,4.9
^; Seblak Rafael Asli Original | Seblak Coet Mamang Rafael,28000,siskaarinang2,Bandung,17,5.0
baso aci / seblak instan,6000,Nyum_mama,Pekanbaru,70,4.6
Seblak Beton 1kg Pedas Daun Jeruk / Seblak Kerupuk JAAT 1kg,37500,D&R-9 collection,Bandung,60,4.8
Kerupuk Seblak Rafael Pedas / Seblak Mawar Pedes - Duo Bocil Snack,16000,DUO BOCIL SNACK,Depok,250,4.9
KERUPUK PEDAS SEBLAK 250 GR - sebring,18000,TOKO KUE MEISYA 2,Jakarta Pusat,50,4.9
cuanki tahu kering seblak isi 50 pcs toping seblak baso aci,12500,CUANKI CULAMETAN,Kab. Garut,500,4.9
Kerupuk seblak pedas 500 Grm / kerupuk seblak pedas kencur,22500,adistri snack,Kab.Ciamis,1,0.0
Kerupuk Seblak Pedas Mimi,18000,Snack Zone Official,Jakarta Selatan,80,4.9
Kylafood Seblak Tulang Rawan Play,21675,kylafood,Bandung,750,4.9
Gelifood Seblak Instan Kerupuk Mawar Bumbu Kencur Rafael Pedas Gurih,19000,Lidigeli,Kab. Garut,500,4.8
GRATIS ONGKIR SEBLAK INSTAN/SEBLAK BANDUNG/SEBLAK GARUT/MURAH MANTAP,3999,MarkCi .id,Kab. Garut,100,4.4
11 BUNGKUS SEBLAK MAMANG PAKET RESELLER,55000,global cookware1,Jakarta Barat,80,5.0
Kylafood Seblak Tulang Rawan,22950,kylafood,Bandung,8000,4.9
SEBLAK JUARA INSTAN MASAK BASAH ASLI BANDUNG ENAK MANTAP,22000,Rasa Juara Indonesia,Kab. Bandung,1000,4.9
Seblak Ceker Cap Dua Putra,8000,Medina Snack Grosir,Kab. Sukabumi,100,5.0
seblak instan jeletot jajanan hits bandung 1 porsi,4180,tokomakanankalimantan,Jakarta Barat,1000,4.8
KERUPUK JABLAY BANTET SEBLAK PELANGI,15999,Toko kue Sumber Mas,Jakarta Timur,500,4.9
SEBLAK KERING CIKRUH BUMBU KACANG VARIAN CAMPUR KEMASAN 1 KG,57999,Simshop_,Cimahi,18,5.0
Seblak Tulang Rangu Nyai Mercon,21000,Jajanan Hits (JS),Tangerang Selatan,70,5.0
Kylafood paket 2 Seblak cup + 2 Seblak rempah autentik,48240,kylafood,Bandung,15,4.8
Seblak Instan Kenyang Murah Asli Bandung Reseller Tanpa Pengawet - Original,7138,Berkah Food Bandung,Cimahi,7000,4.9
Kylafood Seblak Kwetiaw play,21150,kylafood,Bandung,500,4.9
Geli Chips - Seblak Kering Pedas Gurih Daun Jeruk 65gr,10200,Foodstocks,Jakarta Selatan,70,5.0
"Basreng 100 gram Ori, Seblak, Pedas Manis, Super Pedas isi 100gr",7599,Grosir Besar Kalimantan,Banjarbaru,29,5.0
SAMBAL SEBLAK BY MAMANG RAFAEL ORIGINAL HALAL VIRAALLL,40000,Beauty DELUXE,Jakarta Barat,30,4.9
Seblak RAFAEL | Seblak MAMANG RAFAEL | Seblak Viral,40000,Naturally Plus Jakarta,Kab. Tangerang,250,4.9
KERUPUK SEBLAK BETON BANTAT PEDES GURIH DAUN JERUK 250GRAM,19000,Madinah Oleh Oleh Bdg,Bandung,70,4.9
Seblak Bu Etu - Misdaseum / Original,19900,Bakso Bu Etu,Kab. Bandung,750,4.9
CEMILAN BOX MAKARONI SPIRAL GELUNG KERUPUK SEBLAK STICK PANGSIT,35789,nyemilsaji,Kab. Bandung,750,4.9
"CUANKI TAHU TOPING BASO ACI, SEBLAK, MIE INSTAN ENAK GURIH",22500,global cookware1,Jakarta Barat,1000,4.8
[ 250gr ] Kerupuk Seblak Kencur Pedas Daun Jeruk / Camilan Snack Murah,7250,Bara Snack Kediri 1,Kediri,29,5.0
"seblak kering pedas 250 gr/seblak kencur/kerupuk seblak,enak dan gurih",9999,aghniya,Tangerang Selatan,500,4.8
[ 250gr ] Kerupuk Seblak Jengkol Pedas / Camilan Snack Kiloan Murah,13500,Bara Snack Kediri 1,Kediri,6,5.0
seblak ceker pedas,8995,snack_it,Tangerang Selatan,500,4.9
KRUPUK STIK RASA UDANG CAP PADI KAPAS KHAS INDRAMAYU BISA BUAT SEBLAK,19500,dariimyu,Kab. Indramayu,250,4.9
kerupuk seblak rafael 200gr,10999,Bunda Qiana Store,Bandung,30,4.8
Tempat Toping seblak prasmanan 3ruang,305200,Fajar Akrilik Display2,Tangerang,0,0.0
Seblak Instan Sehati,13000,Official Kartika Sari,Bandung,750,5.0
SEBLAK KERING KERUPUK BETON 500GR PEDAS DAUN JERUK,27999,BANDUNG SNACK CENTER.ID,Kab. Bandung,21,4.2
Krupuk seblak kencur 500gram,12000,Ummuchasna,Kab. Magelang,30,4.9
Kylafood Seblak Cup isi 2 pcs,25020,kylafood,Bandung,60,4.9
KRUPUK / KERUPUK MENTAH / KERUPUK SEBLAK MENTAH 1kg SLONDOK,21750,SuperSnacksShop,Kab. Bandung,250,4.9
TEMPAT TOPING SEBLAK PRASMANAN,650000,Fajar Akrilik Display,Tangerang,0,0.0
Seblak Cobek Seblak Rafael Seblak Ala Rafael_1616 Seblak Sambel Kencur,8782,NomeL Shop,Surabaya,40,4.9
Gelifood Combo 3pcs Seblak Ceker Tanpa Tulang Super Pedas,65000,Lidigeli,Kab. Garut,60,4.7
SEBLAK CUANKI KUAH CUP INSTAN PUSPA ( PUSAKA PARAHYANGAN ) 6 min,12500,Berkah Niaga Jaya,Kab. Garut,750,4.9
"(COD) seblak kering kerupuk jengkol bumbu basah,pedas",25000,anugrah seblak,Kab. Bandung,60,4.6
Kylafood Paket 4 Seblak Original 1 Batagor,91000,kylafood,Bandung,1000,4.9
Seblak Kering Gurih 65gram,12900,Lidigeli,Kab. Garut,100,5.0
krupuk seblak hah pedas gurih 200gr,11500,Markas Makaroni,Kab. Bekasi,1000,4.9
BASO ACI HOMEMADE boci isi 6 baso aci tulang rangu seblak Boci sehot,3800,NomeL Shop,Surabaya,100,4.4
Bundle - Basranger Seblak | Baso Aci Extra Pedas | Tulang Rangu,56300,Rak Sebelah,Jakarta Pusat,100,4.9
"siomay pedas kering,daun jeruk,500g,cemilan pedas,seblak,siomay bandun",23000,anugrah seblak,Kab. Bandung,250,4.7
Bumbu Seblak Instan 15gr Bisa Untuk 2porsi,2900,Hokishopsurabaya,Surabaya,1,5.0
SEBRING CAMPUR/ Seblak kering Bumbu kacang/ varian pedas-original,20000,KailaAini_collection,Kab. Karawang,70,5.0
Mamafuji - Seblak Instan viral (DUTA SEBLAK APPROVED),23999,Mama Fuji Official,Tangerang,100,4.7
Seblak instan / seblak instan BANDUNG / seblak instan pedas,4200,AZKIA RASA,Kab. Tasikmalaya,100,5.0
Bakso Aci Instan Murah Asli Bandung Frozen Baso Cilok Kuah Kenyang,5702,Berkah Food Bandung,Cimahi,10000,4.9
siomay mini kering 1kg toping seblak baso aci,25999,CUANKI CULAMETAN,Kab. Garut,250,4.9
Seblak Jadoel Sambel Hedjo Samiraos | Seblak Instan Pedas Murah,18500,Lemari Wanita,Jakarta Timur,4,5.0
cuanki tahu kering seblak atau batagor kering isi 150 pcs,34999,CUANKI CULAMETAN,Kab. Garut,100,4.8
SEBLAK BETON 1KG CIKRUH PEDAS DAUN JERUK BOS SNACK BANDUNG,44450,BOS SNACK BANDUNG,Bandung,1,0.0
cuanki pangsit segitiga atau cipet isi 40 pcs toping seblak baso aci,13999,CUANKI CULAMETAN,Kab. Garut,100,4.9
Kylafood Seblak Kwetiaw,19975,kylafood,Bandung,4000,4.9
Cuanki tahu bulat kering 50 pcs toping seblak baso aci,17999,CUANKI CULAMETAN,Kab. Garut,70,4.9
Cabe bubuk special baso aci & seblak,11999,aghniya,Tangerang Selatan,250,4.9
seblak / paket seblak bumbu komplit pedas ekonomis,3479,Grosir Putra Bdg,Kab. Bandung,750,4.8
SEBLAK KERING CIKRUH BUMBU KACANG VARIAN CAMPUR KEMASAN 250 GRAM,18899,Simshop_,Cimahi,18,5.0
SAMBAL BUMBU SEBLAK / SEBLAK INSTAN / SEBLAK PRAKTIS / PEDAS GURIH,3500,Uai Food,Surabaya,70,4.5
siomay mini kering 250 gram toping seblak baso aci,7999,CUANKI CULAMETAN,Kab. Garut,250,4.9
Kylafood Seblak Mie Baso,24750,kylafood,Bandung,4000,4.9
CUANKI TAHU KERING isi 500pcs Topping SEBLAK Cuanki Baso Aci,130000,jajanangarut19,Jakarta Selatan,30,3.4
Kylafood Seblak karuhun,12150,kylafood,Bandung,4000,4.8
seblak jadul Samiraos  sambel Hedjo,18750,Jajanan Hits (JS),Tangerang Selatan,12,5.0
Kylafood Mix Fav Selebgram Seblak Original & Batagor kuah,42500,kylafood,Bandung,100,4.8
siomay mini kering / cuanki / batagor / seblak / bakso aci,9500,fahirastores,Kab. Bandung Barat,250,4.9
Kylafood Seblak Mie Baso Sapi Play,24750,kylafood,Bandung,250,4.9
Kerupuk seblak beton as kering cikruh bumbu organik pedas gurih,16750,kerudung bunga,Cimahi,6,0.0
[ 500gr ] Kerupuk Seblak Bantet / Seblak Kencur Pedas Daun Jeruk -B,19950,Bara Snack Kediri 1,Kediri,12,5.0
Seblak Mommy,13900,Gerai Snack Official Shop,Kab. Tangerang,2000,4.6
Seblak ceker 2 putra kemasan gopean (500),8800,BAGEAJAYA FOOD,Kab.Ciamis,250,5.0
Elod | Sebring Elod | keripik Elod | seblak kering,29500,This Story Shop,Kab. Bandung,100,4.9
Kylafood Seblak Rempah Autentik isi (10pcs),116100,kylafood,Bandung,90,4.9
BATAGOR Seblak 100gr Baso Tahu Goreng Siap Makan,1500,yohangunawan94,Bandung,100,5.0
cuanki tahu gepeng isi 100 pcs toping seblak bsso aci,39999,CUANKI CULAMETAN,Kab. Garut,100,4.9
Kylafood Mix Pentol Kuah dan Seblak Original,42500,kylafood,Bandung,60,4.9
Pasar Keripik Kerupuk Seblak Mawar Mini Pedas size Besar,28500,Pasar Keripik Bandung,Bandung,30,5.0
Cuanki Lidah Kerupuk Cuanky Topping Baso Aci Seblak isi 150 Pcs,33000,Kerabat Official Store,Kab. Tasikmalaya,250,4.9
Seblak Mamang Rafael,33000,Ice Cream Universe,Denpasar,9,0.0
krupuk seblak hah pedas gurih 500gr,26500,Markas Makaroni,Kab. Bekasi,1000,4.9
"PAKET BUNDLING 4 ( 1 SEBLAK INSTANT, 1 KEJU AROMA SAJODO)",40000,Sajodo Snack & Food,Tasikmalaya,10,5.0
Kerupuk seblak kering 500 gram extra pedas /seblak kering kencur pedas,28700,oyun kriukzz,Jakarta Barat,50,4.7
Krupuk seblak mawar rafael pedas 500gr,23500,Markas Makaroni,Kab. Bekasi,250,4.9
Seblak Bapper,16000,Pedas Gilaa,Surabaya,250,4.8
Kerupuk Seblak Tatangga Mamang Rafael Pedas Kencur Daun Jeruk 500gr,29511,Cemilan Kang Asep,Kab. Bandung,40,5.0
seblak rafael - Asin,19000,Bung Boe Snack,Kab. Sumedang,8,5.0
pangsit segitiga kering atau cipet isi 100 toping seblak baso aci,32999,CUANKI CULAMETAN,Kab. Garut,100,4.9
Seblak Ceker pedes asin gurih 250gram,15000,SnackTime168,Kab. Badung,0,0.0
SEBLAK BETON 500GR CIKRUH PEDAS DAUN JERUK BOS SNACK BANDUNG,22550,BOS SNACK BANDUNG,Bandung,0,0.0
KERUPUK SEBLAK RAFAEL PEDAS DAUN JERUK 250GRAM SNACK KILOAN,15000,ajs(ale jaya snack),Jakarta Utara,30,4.8
Seblak Instan Komplit Bumbu Basah,9859,Eatbam store,Jakarta Timur,70,4.7
(PROMO MURAH) Seblak instan jajanan khas bandung by karoppotta,8380,karoppotta official,Makassar,100,4.9
SEBLAK COBEK VIRAL ALA RAFAEL DIJAMIN ENAK,6000,Uai Food,Surabaya,90,4.3
Si Bumbu Seblak 15gr,2000,JessicaQuinn,Bandung,100,5.0
Sajodo Snack - Seblak dan Keju Aroma,18500,LAPAK MILEA,Surabaya,10,4.0
MASJAY Seblak Bumbu Membara Instant - No.1 Street Food Bandung,19000,Lidigeli,Kab. Garut,250,4.9
Kikoya Snack Sapi Panggang / Balado / BBQ / Rumput Laut / Seblak Sunda,1000,The Nut House,Surabaya,40,4.8
"Toping Seblak Baso Aci PAKET MIX 100pcs Cuanki Lidah, Siomay dan Baso",31000,gaiagarut,Kab. Garut,500,4.8
KERUPUK SEBLAK MENTAH 1KG WARNA WARNI,26500,BociKakang,Jakarta Selatan,500,5.0
BUMBU BASO ACI SEBLAK 100gr,12000,jajanangarut19,Jakarta Selatan,250,4.9
SEBLAK INSTAN SIAP SAJI,15897,nyemilsaji,Kab. Bandung,1000,4.8
PAMET HEMAT 4 SEBLAK BANG SATRIA KEMASAN PREMIUM,100000,Pusat Pajamas Tasik,Tasikmalaya,0,0.0
"Kylafood Paket (Seblak cup, Seblak rempah, Basreng pedas, Basreng ori)",49140,kylafood,Bandung,16,4.7
Batagor Lidah Renyah Pelengkap Seblak Baso Aci atau Cuanki,15900,afcbandung,Bandung,100,4.9
YIMS seblak instant box termurah teh kerupuk seblak pedas khas garut,8500,Yimshop,Semarang,70,4.6
"keripik beling / kaca 1 kg. bumbu seblak daun jeruk enak, gurih, pedas",44999,aghniya,Tangerang Selatan,250,4.8
seblak frozen,11000,pelangi girls naget,Jakarta Timur,2000,4.9
Gelifood Combo 3pcs Seblak Instan Kerupuk Mawar Kencur Pedas Rafael,44000,Lidigeli,Kab. Garut,100,4.9
cuanki lidah 150 pcs toping seblak baso aci,35111,CUANKI CULAMETAN,Kab. Garut,500,4.9
SamiRaos Baso Aci Geprek Tulang Rangu Seblak Baso Urat Yamin Noodle,23950,a grow exia (store),Kab. Bantul,30,5.0
Seblak beton extra pedas daun jeruk bumbu berlimpah / kemasan 500gr,24000,Seblak Guludug Bandung,Kab. Bandung,14,5.0
Kylafood Seblak Original Isi 10 pcs,187050,kylafood,Bandung,30,0.0
seblak instan isi 250g / seblak bondol / seblak pedas / kuliner bondol,17999,KULINER KHAS SUKABUMI,Kab. Sukabumi,100,5.0
Cireng Kuah Seblak Donatmieku (Recommended),22000,marrystore625,Jakarta Barat,9,5.0
GRATIS KARDUS CUANKI MIX MURAH - BISA COD - TOPING SEBLAK - BASO ACI,30000,Distributor Cuanki dan Seblak,Kab. Bekasi,50,4.9
"siomay mini kering 250 gr enak renyah untuk basoaci,seblak,cemilan dll",9999,aghniya,Tangerang Selatan,100,4.8
"seblak ceker 500 gr pedas daun jeruk, gurih,cemilan bikin nagih",17499,aghniya,Tangerang Selatan,90,4.9
cuanki lidah khas garut 50 pcs enak untuk baso aci dan seblak ( BRY ),15999,aghniya,Tangerang Selatan,500,4.9
"baso aci boci instan maci eco ayam, keju, seblak",9799,snackbox88,Bekasi,250,5.0
MASJAY Combo 3pcs Seblak Bandung Instant Bumbu Pedas Membara,44000,Lidigeli,Kab. Garut,50,4.9
Kerupuk Kering 1KG Bahan Seblak Variasi Lengkap by GG,20999,gaiagarut,Kab. Garut,13,5.0
Tempat Toping seblak 12 ruang 60*30*30cm,600000,Fajar Akrilik Display,Tangerang,1,0.0
Seblak Hot Spicy By Bapper Food / Seblak Instant Khas Bandung,19110,Foodstocks,Jakarta Selatan,100,5.0
cuanki tahu gepeng isi 50 pcs toping seblak baso aci,19500,CUANKI CULAMETAN,Kab. Garut,100,4.9
Baso urat djuara sami raos/Baso Aci Urat /Seblak,28000,Snack Zone Official,Jakarta Selatan,19,5.0
Kylafood Seblak Rempah Autentik Isi (24pcs),294120,kylafood,Bandung,14,5.0
cuanki lidah asli garut isi 150 pcs,32500,kira3arut,Kab. Garut,10000,4.9
Pasar Keripik Kerupuk Seblak Mawar Pedas size Kiloan,65000,Pasar Keripik Bandung,Bandung,11,4.9
Mie Seblak Geprek Sami Raos Khas Garut Seblak Instant Kekinian 160gr,18900,Foodstocks,Jakarta Selatan,100,5.0
Mie Seblak Geprek SamiRaos Original | Seblak Mie Instat Pedas,20000,Lemari Wanita,Jakarta Timur,13,5.0
Seblak instan yoi enak dan kenyang,7500,SeblakYoi,Bekasi,500,4.9
paket hemat 4 seblak aceng 4 cuanki instan dan 4 baso aci,62000,cemilan Bandungstore,Cimahi,9,5.0
seblak kering bumbu kacang sebring,12500,Denissa snack,Bandung,8,5.0
Maicih Seblak Keju,12999,Gerai Snack Official Shop,Kab. Tangerang,500,4.7
"seblak ceker 250 gr pedas daun jeruk, gurih,cemilan bikin nagih",9999,aghniya,Tangerang Selatan,90,4.8
Seblak Kering Bangsatria 170gr (Organik Food Snack Pedas),21000,Foodstocks,Jakarta Selatan,0,0.0
cuanki tahu panjang isi 150 pcs | toping seblak baso aci,34999,CUANKI CULAMETAN,Kab. Garut,40,5.0
Soun Seblak Geprek SAMI RAOS Khas Garut - Soun Seblak,18900,Foodstocks,Jakarta Selatan,80,4.9
siomay kering 1kg isi 150 pcs toping seblak baso aci,34999,CUANKI CULAMETAN,Kab. Garut,80,4.9
Seblak Instant Basranger Extra Pedas Daun Jeruk (200gr),19700,Gerai Snack Official Shop,Kab. Tangerang,100,4.9
SEBLAK JUMBO + SOSIS INSTANT,7450,Pusat Cuankie & Cemilan Frozen,Jakarta Timur,1000,4.8
Seblak Rempah Instan Maknyoss,25000,BOCI MAKNYOSS OFFICIAL,Kab. Batang,1,0.0
CIKEMAM - PAKET BUNDLING SEBLAK (3 PCS),37000,CIKEMAM,Cimahi,50,5.0
seblak rafael / seblak coet / seblak cocol,7500,babykhai,Kab. Bekasi,250,4.8
kerupuk seblak polos pedas 250gr jajanan cemilan sneck makanan keripik,11000,pelangi khatulistiwa 2,Surabaya,60,4.9
cuanki lidah isi 50 topping baso aci dan seblak,11999,Culametan Food,Kab. Garut,40,4.9
Kylafood Paket 2 Seblak Original 3 Batagor Kuah,99000,kylafood,Bandung,250,4.9
Kylafood paket 2 Seblak cup + 2 Seblak rempah autentik,48240,kylafood,Bandung,15,4.9
[ roemah_koenyaheun ] kerupuk mentah kerupuk seblak serba 5000,5000,roemah_koenyaheun,Bandung,5,0.0
SNACK SEBLAK RAFAEL RASA PEDAS,75000,Glorius Mart,Kab. Magetan,0,0.0
cuanki tahu panjang atau stik isi 50 pcs toping seblak baso aci,12999,CUANKI CULAMETAN,Kab. Garut,100,4.8
"cuanki tahu stik tahu panjang kering, isi 50 topping baso aci seblak",11999,Culametan Food,Kab. Garut,4,4.7
Seblak Nyai Mercon,24700,Foodstocks,Jakarta Selatan,8,5.0
Yasnack Kerupuk Seblak Rafael Pedas Jeruk Renyah 500 gr,30000,YasnackID,Bandung,30,4.7
Kerupuk Seblak Kencur / Seblak Jablay Viral @100-500gr,7142,Toko Camilan Anyar,Surabaya,100,4.9
PAKET MIX HEMAT 25 BASO ACI/BOCI/SEBLAK/CUANKI,47000,ArfaOnlineShop,Tangerang,80,4.9
cemilan seblak ceker snack,9500,Arc_Rudy,Kab. Lebak,2,5.0
150pcs LIDAH Cuanki Batagor bahan Pelengkap Boci seblak dan cuanki,39479,lahawelah,Kab. Garut,100,4.9
Paket Isian Seblak,25000,Mantra Khatulistiwa Depok,Depok,1,5.0
"Paket Happy (Seblak Original, Batagor Kuah, Bacil)",59000,kylafood,Bandung,500,4.9
seblak kerupuk kering pedas jeruk isi 500 gram seblak kemplang,25000,Tiga putri77,Kab. Bandung,100,4.9
cemilan keripik tahu,36500,oke snack,Jakarta Selatan,250,4.9
Seblak Pedas Kicimpring Iyagasih,15000,Gerai Singawada,Kab. Majalengka,16,5.0
Cimol kering pedas daun jeruk 1 kg /cimol pedas 1 kg,51775,Adila_Putri_Snack,Kab.Ciamis,30,4.7
Keripik Singkong Kalimantan,21000,Pisang Goreng Madu Bu Nanik,Jakarta Barat,1000,4.8
Paket Hemat 10 bks Seblak Aceng,55000,cemilan Bandungstore,Cimahi,1,0.0
akrilik tempat toping seblak,630000,Fajar Akrilik Display,Tangerang,1,0.0
COD 1KG CIMOL SNACK PEDES SEBLAK VIRAL CEMILAN LEBARAN IDUK FITRI,18210,Grosir Besar Kalimantan,Banjarbaru,8,5.0
Seblak Soaci,14000,Pedas Gilaa,Surabaya,250,4.8
Yasnack Kerupuk Seblak Rafael Pedas Cikruh Gurih 500 gr,30000,YasnackID,Bandung,50,4.9
SEBLAK INSTAN ORI/SEBLAK INSTAN KERUPUK/SEBLAK INSTAN MURAH,6197,dakar_ofc,Kab. Mojokerto,250,4.4
Seblak Blak mie,12000,ken-olshop,Bekasi,250,5.0
Cuanki / Cuankie Lidah Topping Baso Aci / Seblak Isi 500 Pcs,100000,Kerabat Official Store,Kab. Tasikmalaya,50,4.9
kerupuk seblak kering pedas 1kg,34950,seblak_joy,Kab. Bandung,100,4.9
Kerupuk Seblak Mentah 1kg - Krupuk Oren Matahari Pagi MP - Kemplang,19000,Cuanki_Bandung,Kab. Bandung,100,5.0
YIMS seblak instant pedas napol termurah khas garut kerupuk seblak teh,5500,Yimshop,Semarang,250,4.7
[ 500gr ] Kerupuk Mentah / Krecek Bawang Untuk Bahan Seblak,10500,Kerupuk Ikan Udang,Kediri,40,4.9
kerupuk seblak polos pedas 500gr jajanan cemilan sneck makanan keripik,20000,pelangi khatulistiwa 2,Surabaya,70,4.9
bok akrilik seblak prasmanan,3000000,neonbox bogor,Bogor,0,0.0
Krupuk Seblak Mawar 500GR Kering Pedas Kerupuk Sebring Rafael Viral,14000,Oleh2 Maju Mulya Solo,Kab. Sukoharjo,25,4.6
Krupuk stik seblak 250gram,10000,Kikijaya snack bogor,Bogor,24,4.9
Paket Hemat 10 BKS Seblak Instan Original HPSFOOD,36000,HPSFoodSby,Surabaya,1,0.0
"Keripik Maicih - Lv 3, Lv 5, Seblak Ori, Gurilem",17000,I Love Snack Indonesia,Jakarta Barat,70,5.0
CAMILAN SEBLAK PEDAS 250GR JAJANAN OLEH-OLEH SNACK KILOAN CAMILAN KILO,12500,LARISSA SNACK STORE,Semarang,100,4.9
KERUPUK SEBLAK MINI KENCUR JABLAY BANTET PEDAS 500GRAM KILOAN,24000,ajs(ale jaya snack),Jakarta Utara,50,4.9
seblak instan hemat,6500,Suncity.,Kab. Tangerang,1000,4.8
"keripik beling/kaca 1/2 kg. bumbu seblak daun jeruk enak, gurih, pedas",25999,aghniya,Tangerang Selatan,250,4.8
SEBLAK instan Murah ENak Lengkap,8000,kakai_store10,Kab. Bantul,26,5.0
SEBLAK KERING CIKRUH BUMBU KACANG VARIAN WARNA-WARNI,10899,Simshop_,Cimahi,5,5.0
Cuankie Lidah topping baso aci / seblak,2500,Pusat Cuankie & Cemilan Frozen,Jakarta Timur,7000,4.8
PROMO !!!! Seblak Instan Beli 20 free 1 Murah Enak,4280,ivy's-kitchen,Kab. Cirebon,750,0.0
"Seblak Instan Lengkap Cemilan Enak, Oleh Oleh Garut",5500,Endo Shop ID,Kab. Garut,250,4.9
Bakso Aci Seblak Mie instant baso kekinian halal murah enak,6999,Maya Light Electro,Tangerang,40,4.7
Kerupuk seblak beton cikruh pedas daun jeruk / seblak beton bantat,12113,cemilan ti lembur,Bandung,26,5.0
Seblak Putih Odjolali Snack,11000,Odjolali Snack,Bandung,100,5.0
[READY MEDAN] Extra Topping Baso Aci Cuanki Seblak - Tahu Siomay Mini,4000,CemilanPuas,Medan,250,4.5
"Seblak Bantat Boboko Pedas Daun Jeruk Level 7,8,9 Netto 200g",18700,Gerai Snack Official Shop,Kab. Tangerang,100,5.0
sebring/seblak kering elod pedas daun jeruk/original kriuk 250g.,15900,Syahla_Shop16,Kab. Bandung,2,5.0
SEBLAK BASRENG KOIN PEDAS 1KG,43950,Ngaladastore26,Kab. Subang,3,0.0
"keripik beling / kaca, bumbu seblak daun jeruk enak, gurih, pedas",14999,aghniya,Tangerang Selatan,500,4.7
Comring bawang 1 kg /gemblong 1 kg,39900,Adila_Putri_Snack,Kab.Ciamis,22,4.9
Keripik Tempe Oven Bu Nanik / Tempe Krispy Bu Nanik,30500,Pisang Goreng Madu Bu Nanik,Jakarta Barat,4000,4.7
cilok goang kuah,5700,Berkah Food Bandung,Cimahi,4000,4.9
Sriping Keripik Pisang Madu,25000,Pisang Goreng Madu Bu Nanik,Jakarta Barat,750,4.8
Baso Aci Bapper Tulang Rangu Original Asli Bandung 220gr,25800,Foodstocks,Jakarta Selatan,1000,5.0
Keripik Singkong Balado Christine Hakim,36000,Pisang Goreng Madu Bu Nanik,Jakarta Barat,2000,4.9
Cimol Bojot Pedas Cilok Goreng Bumbu Pedas Bubuk Cimol Cikruh Bawang,6652,Berkah Food Bandung,Cimahi,1000,4.9
Keripik Tempe Mels Kitchen,25000,Pisang Goreng Madu Bu Nanik,Jakarta Barat,1000,4.9
Emping Balado 130g,13500,oke snack,Jakarta Selatan,100,4.9
Keripik Ubi Ungu Sari Roso,26000,Pisang Goreng Madu Bu Nanik,Jakarta Barat,250,5.0
seblak Abah aceng paling top pedas mantul,6000,cemilan Bandungstore,Cimahi,70,5.0
SEBLAK KERING CIKRUH BUMBU KACANG VARIAN BASRENG 250 GRAM,18999,Simshop_,Cimahi,12,5.0
Ready seblak basreng pedas daun jeruk 1kg basreng bandung renyah gurih,50000,seblak bandung99,Kab. Bandung,1000,4.9
seblak kering kerupuk campur bumbu kacang,15000,abqorycandy,Kab. Bandung,4,5.0
Krupuk Seblak Mawar 100GR Kering Pedas Kerupuk Sebring Rafael Viral,8000,Oleh2 Maju Mulya Solo,Kab. Sukoharjo,12,5.0
Baso Aci Bapper Tulang Rangu Sambel Mercon Asli Bandung 220gr,25800,Foodstocks,Jakarta Selatan,500,4.9
Kerupuk Kemplang Palembang Cap Satu Ikan,19000,Pisang Goreng Madu Bu Nanik,Jakarta Barat,1000,4.9
jagung marning 250 gr,16000,oke snack,Jakarta Selatan,500,4.9
Peyek Bu Nanik / Kerupuk Peyek khas Madiun,24500,Pisang Goreng Madu Bu Nanik,Jakarta Barat,1000,4.7
Bumbu Rujak Honje Legend Ibu Iyoy Kalektoran Tasikmalaya,45000,Rujakhonjekalektoran,Tasikmalaya,4,5.0
SEBLAK GEPREK SAMIRAOS / SEBLAK MIE / SEBLAK SOUN / SEBLAK INSTAN,17850,TOBELO SHOP,Tangerang,100,4.8
krupuk mentah / seblak / bawang / buryam / lotek / ketoprak 250gr,5400,Paulus Plastik,Kab. Bantul,250,5.0
sebring seblak kering bumbu kacang cikruh 1kg,15000,Baso Aci Athaya,Kab. Bandung,17,4.3
kerupuk seblak kemasan pouch 250 gr,9000,dvn makaroni,Tasikmalaya,20,5.0
KRUPUK SEBLAK BANTET KENCUR 250gr / SNACK KILOAN MURAH / SEBLAK CIKUR,8999,almasnack,Kab. Bekasi,70,4.9
"seblak bintang,cemilan instan,siap makan,enak gurih,dan lezat",5000,anugrah seblak,Kab. Bandung,500,4.7
kerupuk seblak kering pedas 1 kg keripik hot spicy camilan kekinian,41000,JAGO TOK PETOK,Surabaya,100,4.9
Kerupuk Merah Seblak 250gr BANDUNG,4750,yohangunawan94,Bandung,1000,5.0
Piksus Ikan Kakap dan Seblak Usus Dua Putra Kemasan gope,8800,BAGEAJAYA FOOD,Kab.Ciamis,7,5.0
Kerupuk Bangka / Kerupuk Ikan Bangka,28000,Pisang Goreng Madu Bu Nanik,Jakarta Barat,250,4.7
Baso Aci Bapper Tulang Rangu Original Asli Bandung 220gr 10 Pcs,290000,Foodstocks,Jakarta Selatan,7,0.0
Peyek Lin's / Peyek Kacang Lins,7500,Pisang Goreng Madu Bu Nanik,Jakarta Barat,5000,4.8
Cilokba Cilok Bapper Rasa Sambal Daun Jeruk,18270,Foodstocks,Jakarta Selatan,100,4.8
Peyek Bayam Tridara Snack,16500,Pisang Goreng Madu Bu Nanik,Jakarta Barat,750,4.7
foam seblak perball,31800,Laris Jaya Plastik,Bandung,10,5.0
"KHUSUS GROSIRAN - LIDAH cuanki isi 300pcs Toping Baso Aci, Seblak khas",79999,gaiagarut,Kab. Garut,90,5.0
CIKEMAM- SEBLAK SEUHAH BANDUNG PEDAS HALAL,14900,CIKEMAM,Cimahi,90,4.9
Batagor Kering Mini Bisa untuk Seblak Dan Campuran Baso Aci,7000,RZTSHOP86,Bandung,15,4.9
200gr SEBLAK BINTANG Pedas Jeruk by Ratu Kriuk,13000,AIRA O'SHOP,Tasikmalaya,90,5.0
Pasar Keripik Cimol Seblak Pedas size Kecil 130g,12500,Pasar Keripik Bandung,Bandung,500,4.9
BASRENG SEBLAK 1/2 KG BUMBU ALAMI,28999,Seblak Mang Muss,Tasikmalaya,500,4.9
BASRENG & SEBLAK KERING 366 PEDAS MANTAP,13000,Warung Entong,Bandar Lampung,23,5.0
SEBLAK INSTAN | BASO ACI | CUANKIE KUAH INSTAN,5500,Kairashop_id,Surabaya,60,0.0
Kerupuk Puli Gendar cap Telor Walet khas Madiun,22000,Pisang Goreng Madu Bu Nanik,Jakarta Barat,1000,4.9
Snack Mie Goreng Medan / Kerupuk Mie Goreng Medan,14500,Pisang Goreng Madu Bu Nanik,Jakarta Barat,500,4.8
Kerupuk Kampung / Kerupuk Kampoeng / Kerupuk Bawang,18000,Pisang Goreng Madu Bu Nanik,Jakarta Barat,750,4.9
Keripik Singkong Keju Sari Roso,26000,Pisang Goreng Madu Bu Nanik,Jakarta Barat,250,4.8
Keripik Kentang Pedas Tridara Snack,16500,Pisang Goreng Madu Bu Nanik,Jakarta Barat,500,4.9
Somay mini Gurilem batagor mini toping seblak baso Aci cuanki 1kg,28500,Distributor Cuanki dan Seblak,Kab. Bekasi,250,4.8
Kerupuk Seblak / Seblak / Kering Pedas /,19600,Anggris store,Kab. Bogor,80,4.9
READY MEDAN SEBLAK INSTANT BANDUNG,7500,Chsnackmedan,Medan,90,0.0
Seblak Instan extraHot,4500,sentosa jaya cuanki,Kab. Garut,5000,4.9
"50 Pcs CUANKI SIOMAY Kering Topping Pelengkap Baso Aci, Seblak",13500,Endo Shop ID,Kab. Garut,50,4.9
Seblak Ceker pedas ( 1 pak isi 20 pcs 200g ),9300,Eve'O'Mall,Kab. Tangerang,27,5.0
Seblak Kuah Mamang Rafael ORIGINAL HALAL VIRALLLL BARU DARI MAMANG RAFAEL,45000,Beauty DELUXE,Jakarta Barat,2,5.0
seblak rafael daun jeruk,13000,SnackGrosirPontianak,Pontianak,7,5.0
seblak instan jawara pedas sehot bandung,13500,cemilan Bandungstore,Cimahi,70,5.0
"SIBUMBU untuk goreng nasi, ikan, ayam, tempe, sop sayur, lodeh, seblak",2222,deposusuofficial,Jakarta Barat,15,5.0
Krupuk Stik Seblak /pedas 1kg,42000,Hosana Snack,Bogor,70,4.9
seblak instan purwakarta,4500,cemilan instan purwakarta,Kab. Purwakarta,750,4.9
Paket Seblak Original Bandung - Baso Aci,8500,RZTSHOP86,Bandung,250,4.9
SEBLAK INSTAN NGABRET BANDUNG,4950,queency_crunchy,Kab. Bandung,100,4.8
KRUPUK / KERUPUK MENTAH / KERUPUK SEBLAK MENTAH 1kg KEONG WARNA,6250,CIPTA-RASA.,Bandung,21,5.0
SEBLAK ACI JAGUAR TERLEZAT BASO ACI BAKSO ACI NIKMAT BELI 5 GRATIS 1,10000,Uai Food,Surabaya,750,4.8
Seblak instant komplit,10000,frozzyoyshop,Depok,250,4.8
SEBLAK BAPPER INSTAN EXTRA HOT,15900,Ss_Frozenfood,Jakarta Timur,250,4.9
"500 pcs Cuanki Lidah Kemasan Besar Topping Baso aci, seblak, cuanki",106000,Endo Shop ID,Kab. Garut,250,4.9
seblak instant komplit,7599,Collection_bywinda,Bandung,100,4.7
Seblak Merah Pedas Odjolali Snack,12000,Odjolali Snack,Bandung,50,4.9
PAKET BUNDLING HEMAT 12  (6 pcs seblak 6pcs baso aci ) MAKANAN INSTAN,44999,gudangsnacktgr19,Kab. Tangerang,27,4.8
10 BUNGKUS SEBLAK COBEK ALA RAFAEL,55000,global cookware1,Jakarta Barat,10,5.0
Cuanki Lidah Jumbo Isi 20pcs Khas Garut ( Topping Baso Aci / Seblak ),8750,Bara Snack Kediri 1,Kediri,5,5.0
[250 gr] Kerupuk Seblak Pedas,11500,CamilanJati,Kab. Sidoarjo,80,5.0
CUANKI/CUANKIE SIOMAY SPECIAL KHAS GARUT ISI 50 PCS BASO ACI & SEBLAK,17999,ArfaOnlineShop,Tangerang,27,5.0
siomay mini kering 1kg / gurilem toping seblak baso aci cuanki,25500,CuankiCulametan,Kab. Garut,100,4.9
Seblak basreng pedas original daun jeruk stik 100gr,5000,Seblak putra bandung,Kab. Bandung,4000,4.8
KRUPUK SEBLAK KERING rasa KENCUR afif jaya cemilan,8900,afif jaya cemilan,Surabaya,50,4.9
Siomay Kering Topping Baso Aci / Seblak,2500,Pusat Cuankie & Cemilan Frozen,Jakarta Timur,3000,4.8
250gram kerupuk mentah seblak rafael,6000,Agenkerupuk99,Surabaya,30,4.8
Sukro pilus Cikur Sari rasa 1kg - toping seblak - baso aci,35000,Distributor Cuanki dan Seblak,Kab. Bekasi,100,4.7
Kerupuk Rambak Sapi Seven Snack,15000,Pisang Goreng Madu Bu Nanik,Jakarta Barat,1000,4.9
Kerupuk Keriting Palembang,28000,Pisang Goreng Madu Bu Nanik,Jakarta Barat,1000,4.9
Batagor Kering Sari Roso,26000,Pisang Goreng Madu Bu Nanik,Jakarta Barat,100,4.7
Stick / stik otak-otak Bu Nanik,10000,Pisang Goreng Madu Bu Nanik,Jakarta Barat,750,4.7
Kerupuk Ikan Tanggiri,17000,Pisang Goreng Madu Bu Nanik,Jakarta Barat,1000,4.9
cuanki tahu pasung isi 50 murah batagor kering toping seblak baso aci,12500,CuankiCulametan,Kab. Garut,250,4.9
Makaroni Tabur & Seblak Makaroni SiKaya-Netto 40 Gram,5000,Fiorenza Snack,Jakarta Timur,100,4.7
Seblak Basranger Extra Pedas 200gr,17300,Rak Sebelah,Jakarta Pusat,250,4.9
SOACI SEBLAK TULANG RANGU,17500,JAJANAN AJIB,Kab. Garut,80,5.0
siomay mini kering 1kg / cuanki / batagor / seblak / bakso aci,29000,fahirastores,Kab. Bandung Barat,100,4.9
Seblak Instan Kang Atha,3550,Kripik Kita Indonesia,Kab. Kediri,30,4.0
KRUPUK / KERUPUK MENTAH / KERUPUK SEBLAK JENGKOL SISIR 1KG,21750,SuperSnacksShop,Kab. Bandung,21,5.0
pilus kencur sukro cikur 250 gram toping baso aci seblak,8999,Culametan Food,Kab. Garut,15,4.6
TOPPING SEBLAK/baso Aci paket mix super murah khas Garut/cuanki/siomay,69999,ArfaOnlineShop,Tangerang,90,4.9
Siomay Kerikil Kuncup / Siomay Mini / SIomay Seblak,8000,Aeeshastore,Bandung,100,4.6
SEBLAK INSTAN KOMPLIT plus cuanki dan mie murah cocok untuk jual lagi,6000,Yamyam snacks,Jakarta Pusat,30,4.0
"baso aci special telor daging, boci, bakso aci, cuanki, seblak instan",10000,baso aci masabi,Jakarta Selatan,1000,4.8
Cuanki Lidah Bulat Asli Garut buat bahan baku Seblak dan baso Aci,180000,MaFa Jaya,Kab. Bandung,40,0.0
Cuanki Lidah Isi 50pcs Super Khas Garut ( Topping Baso Aci / Seblak ),17999,Bara Snack Kediri 1,Kediri,1,0.0
kerupuk seblak Beton Pedas,85000,Markas Makaroni,Kab. Bekasi,30,4.9
Seblak Coet Instan / Seblak Cobek / Seblak Cocol / Seblak Original,8900,TiTasix Tutug Oncom (TO),Tasikmalaya,30,4.5
Bundle 3pcs - Seblak Basranger Extra Pedas 200gr Makanan Instan,51900,Rak Sebelah,Jakarta Pusat,50,4.8
BELI 3 SEBLAK FREE 1 KEJU AROMA,63000,Sajodo Snack & Food,Tasikmalaya,40,4.7
kerupuk seblak bintang pedas,15500,keyz shop78,Bandung,70,4.8
Cuanki Baso Tahu Kering ISI 50 untuk Seblak dan baso aci,17999,gaiagarut,Kab. Garut,100,4.9
READY Seblak Viral Rafael Instan/Seblak Coet Instan/Seblak Viral.,5500,Rosliyanilia,Jakarta Utara,50,4.4
Seblak Kencur 250gr/Kerupuk Seblak Rasa Kencur/Snack Cemilan,12500,Agen Snack Murah,Jakarta Barat,250,5.0
seblak ceker pedas,10000,Khanza Market,Kab. Tangerang,100,4.9
kerupuk seblak kering enak gurih,5000,RIKI STORE 97,Kab. Bogor,250,0.0
Batagor Seblak Cuanki Kuah Rebus Instan Ma Acih Cemilan Tradisional,20750,TOSERDA,Bandung,100,4.8
Siomay Mini Kering Isi 250 Gram Topping Baso Aci / Seblak / Cuanki,5999,Bara Snack Kediri 1,Kediri,5,5.0
Seblak Ceker dan Piksus Kemasan 1 Kg,22000,BAGEAJAYA FOOD,Kab.Ciamis,40,0.0
seblak kering bumbu kacang 250gr,10500,seblak_joy,Kab. Bandung,20,5.0
Seblak Coet / Rafael + bumbu  Promo beli 3 gratis 1,5599,Taubak Huhah Snack,Kab. Malang,9,5.0
"Batagor Tahu Kering Mini 50pcs Topping Cuanki, Seblak, Baso, Dll.",6200,Cuanki_Bandung,Kab. Bandung,500,4.8
KRUPUK / KERUPUK MENTAH / KERUPUK SEBLAK MENTAH 1kg POCO / PUYUR,21750,SuperSnacksShop,Kab. Bandung,100,0.0
Kerupuk seblak bantet Pedas extra 1kg Gurih,35000,RIKI STORE 97,Kab. Bogor,11,5.0
kerupuk tersanjung atau seblak (250gram),5500,Agenkerupuk99,Surabaya,16,4.5
Seblak Soto pedas 250gr,15000,Mokosnacksby,Surabaya,70,4.9
Kylafood Seblak Cup,13500,Kylafood Jakarta,Jakarta Selatan,250,0.0
Mie Seblak 1 Karton Hype Abis Rasa Seblak Hot Jeletot,122999,Petani Muda27,Kab. Mojokerto,10,5.0
Seblak instant jumbo super pedas,6700,Grosir Putra Bdg,Kab. Bandung,250,4.9
seblak instan bandung,6582,TokoTemenMakan,Kab. Bandung,10000,4.8
krupuk seblak pedas daun jeruk bantet 500geram,25000,seblak barokah 07,Kab. Bandung,100,4.6
"Siomay Cuanki Kering isi 150pcs Toping Baso Aci, Seblak khas Garut",39479,gaiagarut,Kab. Garut,750,4.9
seblak basah instan komplit 200gr,12000,Kickball Official,Bandung,70,5.0
siomay mini 250 Gram - Gurilem - topping baso aci - topping seblak.,10000,Nao_Qcrunch,Kab. Garut,23,5.0
seblak kuah mamang rafael instant pedas sunda,35000,Aisyah Ayesha,Jakarta Selatan,2,4.0
SEBLAK INSTAN+SOSIS,5500,Griyo Seni,Kab. Sidoarjo,40,5.0
Kerupuk mawar putih 1kg / kerupuk ikan/kerupuk seblak viral,25000,Semesta kerupuk,Tangerang Selatan,80,4.9
"(Reseller 6.500) Dorame Makaroni Pipa, Makroni Spiral, Basreng, Seblak",7500,Dorame Food,Malang,1000,4.9
cuanki lidah 50 pcs enak toping seblak baso aci,12999,CuankiCulametan,Kab. Garut,250,5.0
Aneka Camilan Basreng Pedas Keripik Usus Kripca Kerupuk Seblak 25 Gram,19800,Bang Bana,Kab. Malang,29,4.8
Seblak Basranger,14900,Khayla BeautyShop,Kab. Bekasi,50,5.0
SEBLAK INSTAN MERCON,3999,dapurmami id,Tangerang,70,4.8
SEBLAK CUANKI KUAH CUP INSTAN PUSPA ( PUSAKA PARAHYANGAN ) SIAP SAJI,9875,Berkah Niaga Jaya,Kab. Garut,1000,4.9
Seblak Rempah Autentik Kyla Food Khas Bandung 115 g,14900,Gerai Snack Official Shop,Kab. Tangerang,50,5.0
SEBLAK INSTAN MANG MUSS,13999,Seblak Mang Muss,Tasikmalaya,750,4.9
GROSIRAN - 300pcs LIDAH Cuanki Batagor bahan Pelengkap Boci seblak,82000,lahawelah,Kab. Garut,30,5.0
Kylafood Paket 2 Seblak Cup + 2 Basreng pedas,50040,kylafood,Bandung,8,5.0
Bumbu Seblak Cikur Bawang Putih Untuk Seblak (Plain),400,Berkah Food Bandung,Cimahi,1000,4.9
siBumbu / Bumbu Seblak,2500,OTEND FOOD,Jakarta Barat,250,4.9
cuanki tahu pasung murah isi 10 pcs toping seblak boci mie bakso,5000,CuankiCulametan,Kab. Garut,60,4.9
Gelichips Seblak Kering Sebring Camilan Kerupuk Pedas Combo 4pcs 65 gr,50000,Lidigeli,Kab. Garut,15,5.0
Kerupuk Seblak BANTET Pedas /Seblak Pelangi  - 1/4 kg,15840,Golden Cakery,Jakarta Pusat,100,4.9
Kerupuk Seblak,8000,SNACK JAKARTA 411,Jakarta Barat,500,5.0
1 BUNGKUS SEBLAK INSTAN LEVEL PEDAS SAMBAL ASLI EKONOMIS FOOD KALDU,5700,gudangsnacktgr19,Kab. Tangerang,1,4.0
Seblak Seafood Instan,7500,Cemilan Malang,Malang,20,4.8
"CUANKI LIDAH ISI 50 PCS ( TOPPING BASO ACI, SEBLAK , DLL )",23500,tfactor,Medan,8,0.0
"KHUSUS GROSIRAN - SIOMAY cuanki isi 750pcs Toping Baso Aci, Seblak kha",194999,gaiagarut,Kab. Garut,17,5.0
Seblak Instan Murah,3000,Pawon Berkahh,Kab. Demak,0,0.0
kerupuk seblak pedas dan gurih daun jeruk,50000,BOSofficial,Kab. Garut,0,0.0
Gelichips Seblak Kering Gurih isi 260gram - Combo Seblak Kering 4pcs - Tempe Spicy 4pc,50000,Lidigeli,Kab. Garut,40,5.0
"Seblak Instan, Praktis, Komplit Khas Sunda by Kang Idin",26000,Kaya Halal Market,Jakarta Selatan,30,4.8
1 Kg kerupuk / krupuk seblak kencur kiloan termurah makanan ringan,38000,MuezzaSnack,Kab. Cirebon,30,4.8
[TERMURAH] Seblak Goreng Kriuk Berhadiah Langsung,10000,Arkadewi11,Jakarta Selatan,4,5.0
SEBLAK INSTAN KOMPLIT BY MAMAKE,16000,ngemilasik_19,Kab. Badung,30,5.0
Cuanki Baso Tahu Kering ISI 150pcs untuk Seblak dan baso aci,39479,gaiagarut,Kab. Garut,1000,4.9
Kerupuk Kering 250g Bahan Seblak Variasi Lengkap by GG,5999,gaiagarut,Kab. Garut,60,5.0
MAKANAN RINGAN SEBLAK CEKER DUA PUTRA 1 PACK ISI 20 PCS,10999,Toko Sembako Krisna Jaya,Kab. Bantul,19,5.0
Somay mini Gurilem batagor mini toping seblak baso Aci cuanki 500 gr,13999,Distributor Cuanki dan Seblak,Kab. Bekasi,250,4.9
Kerupuk Seblak Mentah 500gr - Krupuk Oren Matahari Pagi MP - Kemplang,10000,Cuanki_Bandung,Kab. Bandung,70,5.0
Cuanki Pangsit kering Segitiga Cipet isi 100 toping seblak baso aci,32500,CuankiCulametan,Kab. Garut,100,4.6
KERIPIK KACA/KRIPIK KACA PEDAS/SEBLAK KACA PEDAS,26125,Golden Cakery,Jakarta Pusat,250,4.8
"Seblak kuah instan , Seblak khas garut a",6000,iwan resistans leather,Kab. Garut,19,4.5
Cuanki tahu atau batagor kering kiloan murah isi 150 seblak baso aci,32900,CuankiCulametan,Kab. Garut,100,4.9
"Seblak kuah instan , Seblak khas garut",6000,iwan resistans leather,Kab. Garut,15,0.0
Kerupuk Seblak Rempah Cikur,15000,Kerupuk Rempah,Bandung,0,0.0
Seblak Instan,8000,ROEMAH MOSLEM,Kab. Boyolali,70,5.0
Seblak Bapper,16000,Jacqkids,Bandung,250,5.0
[TERMURAH!!] Seblak Instant Basranger Extra Pedas 200gram,14500,duniacemilan,Bandung,100,4.9
SEBLAK KERING CIKRUH BUMBU KACANG VARIAN BASRENG,10999,Simshop_,Cimahi,12,5.0
Cuankie Batagor Mini topping baso aci / seblak,9999,Pusat Cuankie & Cemilan Frozen,Jakarta Timur,250,4.8
kerupuk seblak pedas daun jeruk,5000,RIKI STORE 97,Kab. Bogor,100,4.7
TAHU STICK / TAHU KERITING ISI 50 PCS TOPPING BASO ACI / SEBLAK,18000,Pusat Cuankie & Cemilan Frozen,Jakarta Timur,50,5.0
“Snack Cap Ikan Original” SAYUR DAN SEBLAK,12000,Brightstarbeauty,Medan,100,5.0
seblak instan seblak kuah seblak murah nay ismail,4999,nayismail,Cimahi,30,4.5
Seblak Karuhun,12825,kylafood,Bandung,70,5.0
Kerupuk seblak Mawar / Seblak Rafael / Seblak viral 500 gr,18500,Bintang Snack & Camilan,Semarang,30,5.0
kerupuk seblak pedas 1 kg,26500,Bintang Snack & Camilan,Semarang,100,5.0
Bumbu Seblak Basah Instan Dapur Tins,50437,lilnazkitchen,Jakarta Selatan,30,5.0
Kylafood Batagor Kuah,25650,kylafood,Bandung,10000,4.9
KERUPUK jablay bantet/SEBLAK MINI PEDAS 250gram,14000,ajs(ale jaya snack),Jakarta Utara,100,4.9
Seblak instan cuanki/Seblak instan murah/Seblak instan mie,4900,Komasnack,Kab. Mojokerto,11,5.0
Kerupuk Seblak BETON JADUL Pedas Cemilan Kang Asep 500gr,23512,Cemilan Kang Asep,Kab. Bandung,12,5.0
PCV GEMBLONG SEBLAK 1Kg Ketempling Pedas  Kecimpring Pedas Comring,24163,Pabrik Cemilan Viral,Kab. Kuningan,3,0.0
Seblak instan,10000,ARFood_group,Kab. Bogor,100,5.0
cuanki lidah / seblak / batagor lidah,5999,Kickball Official,Bandung,250,4.7
1 kg seblak ceker ikan tenggiri pedas,41900,bluengemil_94,Kab.Ciamis,30,0.0
cuanki lidah untuk baso aci dan seblak,15999,aghniya,Tangerang Selatan,1000,4.8
kripik kaca renyah murah rasa seblak 50 gram,4000,jajanan online1910,Kab. Subang,40,4.9
GROSIR Cuanki Lidah Toping Baso Aci dan Seblak Instan Isi 50 Pcs,14999,Baso Aci Ayang,Kab. Garut,30,4.8
seblak instant komplit si mpow murah,3900,soenandar grup,Kab.Ciamis,30,4.8
Seblak Cireng Boboko Snack Camilan Pedas Kuah BOBOKOSNACK,17000,tanganibu id,Kab. Tulungagung,1,5.0
KERUPUK SEBLAK MENTAH ANEKA WARNA,11500,jajanangarut19,Jakarta Selatan,500,4.8
"CUANKI LIDAH ISI 50 PCS ( TOPPING BASO ACI, SEBLAK , DLL )",23500,Chsnackmedan,Medan,9,5.0
seblak instan,8500,Ummi Frozen Food Online,Semarang,17,5.0
Kerupuk SEBLAK MAWAR Rafael - Cikruh Daun Jeruk,20000,KRIUK JAYA,Jakarta Barat,100,5.0
Seblak Stik Ikan 200 gram,15000,Kriuk Kriuk Snack Kiloan New,Bandung,60,5.0
seblak basreng pedas original exstra daun jeruk 500gram,25000,Seblak putra bandung,Kab. Bandung,250,4.8
KERUPUK SEBLAK SAMBAL KRUPUK KERITING KECIL Mentah Krupuk,7821,Iguazabest777,Kab. Tangerang,60,4.9
Keripik Seblak Bantet 100gr - 200gr,6400,Cemilan Murah BDL,Bandar Lampung,12,5.0
KERUPUK SEBLAK SOTO IJO PEDAS NAMPOL KRIUK KHAS BANDUNG,9250,Keripik Mbok Emplok,Surabaya,30,5.0
BASRENG MENTAH 10pcs (500gr) Kemasan Vacuum Bahan Keripik Seblak Viral,8499,gaiagarut,Kab. Garut,4,5.0
Seblak Instant Carla With Batagor dan Siomay Jajanan khas Bandung,149999,Seblak carla,Tangerang,750,5.0
Seblak Instan Sajodo Extra Pedas Best Seller Khas Tasikmalaya,22700,Gerai Snack Official Shop,Kab. Tangerang,2,0.0
1kg Seblak Warna Bentuk Oval Pedas Gurih dan Mantap Snack Spicy,45000,Hineni Roemah Kripik Surabaya,Surabaya,29,5.0
Kerupuk Seblak Rafael Mawar Kecil Mentah 500 Gr / Seblak Viral YONGKI,12500,insanprimastore,Tangerang Selatan,60,5.0
seblak instan termurah home made extrahot,3500,akbarshop77,Kab. Jember,6,0.0
Seblak Kering Sebring Pedas Daun Jeruk Seblak Kacang Enak Gurih,8899,super.shoop,Bandung,19,5.0
PAKET KOMPLIT BUMBU BASO ACI/BOCI/CUANKI/SEBLAK ECERAN,1200,ArfaOnlineShop,Tangerang,250,5.0
keripik seblak rafael pedas & asin,16500,keyz shop78,Bandung,30,5.0
Seblak instan enak dan kenyang,6000,tutikch_14,Kab. Jombang,4,5.0
Bumbu Basah Seblak Koki Jempol 300Gr,19100,Koki Jempol,Kab. Bogor,27,4.9
"Baso Aci Teh Shanty Original 200gr, Baso Aci Instan Halal",18900,Brother Meat Shop,Depok,250,5.0
Kylafood Seblak Original Isi 10 pcs,187050,kylafood,Bandung,30,4.7
BASO ACI CIK'EMAM ORIGINAL,15000,Deni Jabres,Jakarta Timur,0,0.0
Baso Aci Kecil k.y.l Kylafood (Spesial Panen Telur),23275,kylafood,Bandung,250,4.8
BOCI MIE YAMIN ASIN KHAS GARUT,20000,PEPI FROZEN FOOD,Tasikmalaya,0,0.0
Kylafood Mix Batagor Kuah dan Mie Kocok,47175,kylafood,Bandung,50,5.0
Seblak Bapper Bikin Nagih Parah Extra Mie Kuning 120gr,19700,Gerai Snack Official Shop,Kab. Tangerang,60,4.9
Kerupuk RANTAI 250gr SEBLAK Warna Warni,6000,yohangunawan94,Bandung,500,5.0
"Cuanki Lidah 150pcs Toping Baso Aci, Seblak khas Garut",39479,gaiagarut,Kab. Garut,3000,4.9
SIOMAY KUNCUP KERING ISI 20 PCS BASO ACI/BOCI/SEBLAK/CUANKI,6999,ArfaOnlineShop,Tangerang,100,4.9
seblak kering boboko,14000,Faabi Home Made,Kab. Magelang,50,5.0
"basreng pedas bumbu kencur,pedas daun jeruk 1kg,basreng bandung,seblak",50000,anugrah seblak,Kab. Bandung,100,4.9
Kylafood Basreng Pedas,12500,Kylafood Jakarta,Jakarta Selatan,500,5.0
Cuanki Instan Bandung kuah pedas bulefood,14999,GEMLOV OFFICIAL,Cimahi,10,5.0
Baso Aci Instan Culametan khas Garut ( isi 6 ),4500,CUANKI CULAMETAN,Kab. Garut,3000,4.8
Baso Aci Instan Culametan khas Garut (isi 12),5999,CUANKI CULAMETAN,Kab. Garut,4000,4.9
Seblak Viral Mang Rafael,10000,HANHEN Langgeng Jaya,Tangerang,6,5.0
MURIA SEBLAK STICK CABE MERAH 60G x 2Pcs (Bisa Same Day Delivery),10200,Merbabu Food,Tangerang Selatan,8,0.0
Keripik Seblak Bantet 50gr - 70gr,3450,Cemilan Murah BDL,Bandar Lampung,7,5.0
Kerupuk seblak kering pedas daun jeruk 1kg krupuk seblak bantet pedas,14990,camilanqu_shop,Kab. Majalengka,9,5.0
200gr Seblak Kering Pedas Jeruk by Ratu Kriuk,13000,AIRA O'SHOP,Tasikmalaya,250,4.9
Kerupuk Seblak Jeruk,14000,oke snack,Jakarta Selatan,250,4.9
seblak mercon hot dower termurah,3400,Baso Aci Distributor Asli Garut,Kab. Garut,2000,4.4
SEBRING 250 GRAM / KERUPUK SEBLAK MAWAR,15500,Dapur Sehat21,Kab. Bandung,30,4.9
Kylafood Paket 2 Seblak Cup + 3 Basreng pedas,62550,kylafood,Bandung,17,4.5
kerupuk bubur/ seblak / gado- gado/ ketoprak 500gr,18000,Taufik Bumbu Giling,Jakarta Selatan,250,4.9
Sukro cikur pilus kencur sari rasa 250 gram toping seblak baso aci,8500,CuankiCulametan,Kab. Garut,250,4.9
Maicih Basreng,16900,Gerai Snack Official Shop,Kab. Tangerang,10000,4.8
cuanki siomay mini gurilem 1 ons toping seblak baso aci,3000,CuankiCulametan,Kab. Garut,80,4.9
Gurilem Sangarrr,13000,The Little Snacks,Tangerang Selatan,2000,4.7
KRUPUK / KERUPUK MENTAH / KERUPUK SEBLAK MENTAH 200gr SLONDOK,5750,SuperSnacksShop,Kab. Bandung,100,4.8
cuanki lidah isi 25 topping baso aci dan seblak,6999,Culametan Food,Kab. Garut,13,4.8
Camilan Siap Makan Keripik / Kerupuk Seblak Kencur Pedas Isi 1 Kg,37000,MuezzaSnack,Kab. Cirebon,15,5.0
"[ Buy 5 Get 5 ] Special Bedug Package (Baso Aci, Seblak, Keju Aroma...",88000,Sajodo Snack & Food,Tasikmalaya,11,4.8
"seblak ceker 1 kg pedas daun jeruk, gurih,cemilan bikin nagih",35999,aghniya,Tangerang Selatan,60,5.0
Kerupuk Seblak bumbu kacang,16000,Allsnackbandung,Bandung,100,4.9
(PROMO) kerupuk seblak kering kencur 150gr kemasan box,6600,oyun kriukzz,Jakarta Barat,11,0.0
Seblak Mommy Instan Rasa Original Kemasan Cup,11975,Beuki Mart,Bandung,17,5.0
Seblak Instant Bandung | Jajanan Hitz Bandung Termurah,5750,Serbamurah1998,Bandung,18,5.0
Kylafood Paket Batagor dan Toping Pilus,32000,kylafood,Bandung,1000,4.9
cuanki tahu geprek isi 50 murah toping seblak baso aci,19000,CuankiCulametan,Kab. Garut,80,4.8
Gurilem Sangarrr,13000,The Little Snacks,Tangerang Selatan,1000,4.8
cuanki lidah aci 10 pcs murah toping seblak baso aci,3500,CuankiCulametan,Kab. Garut,100,5.0
Makaroni Ceu Wewei 1kg,65000,Makaroni Ceu Wewei,Kab. Tangerang,70,5.0
Pilus Cikur Topping Baso Aci / Seblak,11500,Pusat Cuankie & Cemilan Frozen,Jakarta Timur,250,4.8
(1Kg) KERUPUK SEBLAK CK DAUN JERUK SNACK MAKANAN RINGAN | Hamba Snack,8745,Hamba Snack,Bogor,2,4.0
"basreng cikruh pedas,basreng bandung,seblak basreng,cemilan basreng,ma",5000,anugrah seblak,Kab. Bandung,500,4.8
KERUPUK MAWAR KERUPUK BAWANG BUAT SEBLAK RAFAEL,7500,Toko Toucan,Malang,8,5.0
Seblak Viral Odjolali Snack,14900,Odjolali Snack,Bandung,40,5.0
Sebring seblak Rafael bumb pedas gurih daun jeruk 80gr,4951,Grosir Putra Bdg,Kab. Bandung,60,4.9
"Seblak kuah instan , Seblak khas garut b",5000,iwan resistans leather 2,Kab. Garut,500,4.9
SEBLAK INSTAN | SEBLAK INSTAN HOMEMADE SUPER LENGKAP,4999,Kairashop_id,Surabaya,50,4.6
"siomay mini,  gurilem cimol pangsit 250 gram toping baso aci seblak",6999,Culametan Food,Kab. Garut,20,5.0
"12pcs, Baso aci mini mix Seblak instan",45000,Lemburkuring Official,Kab. Garut,2,5.0
seblak cuanki komplit rasa andalan by wenaakk snack kemasan tester,3900,vannys house,Kab. Tulungagung,16,4.7
Kerupuk Seblak Mawar / kribo pedas 200 gram,10000,Hosana Snack,Bogor,250,4.8
Super Seblak Cuanki - Level Pedes Banget,22000,Super Seblak,Kab. Malang,4,5.0
cuanki tahu Geprek tahu gepeng isi 25 toping baso aci dan seblak,9999,Culametan Food,Kab. Garut,14,5.0
KRUPUK / KERUPUK MENTAH / KERUPUK SEBLAK MENTAH 1kg IKAN MERAH,21750,SuperSnacksShop,Kab. Bandung,100,4.7
Seblak Ceker Sotong Sosreng fortuna Piksus ikan kerapu gurih Pedas,8500,masazies19,Kab. Madiun,80,5.0
siomay kering mini untuk baso aci & seblak bandung,14999,aghniya,Tangerang Selatan,250,4.9
seblak kering pedas daun jeruk kerupuk seblak kencur pedas dj 1 kg,33499,Qie snack,Kab. Jember,26,4.9
SEBLAK JELETET MURNI (SEXXY),40000,Seblak Jeletet Murni,Jakarta Pusat,250,4.9
"MARENTA All Varian Cireng, Seblak, Batagor, Cuanki Banjir, Soto Jamur",14500,Marantep,Cimahi,30,5.0
"150 Pcs CUANKI SIOMAY Kering Topping Pelengkap Baso Aci, Seblak",34500,Endo Shop ID,Kab. Garut,40,4.9
Siomay Kering Kerikil Khas Bandung cocok untuk Pembuatan Seblak,130000,MaFa Jaya,Kab. Bandung,250,4.9
SEBLAK INSTAN,5000,Griyo Seni,Kab. Sidoarjo,100,4.5
seblak instan home made,5500,jasalindo group sidoarjo,Kab. Sidoarjo,70,4.7
siomay mini GURILEM EKONOMIS 1KG Toping Baso Aci Cuanki Seblak,25479,gaiagarut,Kab. Garut,90,4.9
Seblak Stik 250gram,12000,Hosana Snack,Bogor,250,4.9
seblak basah instan,12000,Kickball Official,Bandung,100,4.3
MOMMY Seblak Basah Instan,19600,Toserdas Oleh Oleh dan Snack Kekinian,Surakarta,30,0.0
BUNDLING SEBLAK OIFYOO (isi 5 packs),25380,oifyoo_mozzarella,Bandung,18,4.9
SIOMAY SEBLAK  1/4 KG (250 GRM),14999,Seblak Mang Muss,Tasikmalaya,100,4.9
seblak kering bantat kerupuk bawang Ekstra pedas daun jeruk( 1 KG),22500,ngemil sipedas,Kab.Ciamis,27,4.7
SEBLAK INSTAN KOMPLIT,7500,Vandiva Kuliner,Kab. Malang,11,5.0
SIOMAY MINI KERING 250 GRAM BASO ACI/BOCI/SEBLAK/CUANKI/CUANKIE,9999,ArfaOnlineShop,Tangerang,90,4.9
Basreng Sangarrr,18900,The Little Snacks,Tangerang Selatan,3000,4.8
Cuanki lidah murah kiloan isi 150 toping seblak baso aci,33999,CuankiCulametan,Kab. Garut,250,4.9
Gurilem Pedas,19500,Bite and Munch,Bandung,100,4.8
Basreng Sangarrr,19900,The Little Snacks,Tangerang Selatan,750,4.7
Basreng Pinggsnack,16700,Gerai Snack Official Shop,Kab. Tangerang,500,4.8
seblak instant,5500,wafilasnacku7,Kab. Bandung,90,5.0
Kerupuk Seblak Bantet Super Pedas Daun Jeruk,8950,Althafun,Kab. Mojokerto,22,5.0
SIOMAY Cuanki isi 50pcs Toping Baso Aci Cuanki Seblak,16500,alien toko,Kab. Garut,90,4.9
KERUPUK SEBLAK KERING BANTAT RAFAEL PEDES DAUN JERUK 250 GRAM,19000,Madinah Oleh Oleh Bdg,Bandung,70,5.0
Baso Aci Mie Nyemek Teh Shanty Original Lengkap Dengan Gurilem 200g,22900,Gerai Snack Official Shop,Kab. Tangerang,100,5.0
Seblak Mommy,9500,lapakcemilan,Kab. Bandung,50,4.3
SEBLAK INSTANT | SEBLAK INSTANT KOMPLIT GROSIR | SEBLAK KACIDA CIKURNA,6500,'Cemilan Aqila,Kab. Bekasi,3,5.0
seblak baso aci cuanki & seblak 9pcs,37999,TigoSadulur,Kab. Tangerang,9,5.0
seblak,7500,KING DURIAN84,Depok,750,4.9
seblak kencur / okesnack,10000,oke snack,Jakarta Selatan,750,4.9
Cemilan 250GR Krupuk seblak kering Rafael pedas daun jeruk MEGA SNACK,7520,Mega_Snack_095,Cimahi,3,5.0
Kerupuk Seblak Beton Pedas Gurih 500 gr,29900,YasnackID,Bandung,12,5.0
Cuanki Seblak Baso Aci Boci Express Instant Kuliner Bandung Pilih,10000,Ebay Store,Kab. Tangerang,30,5.0
SEBLAK INSTAN MADIT,14000,DAPUR SEBLAK MADIT,Medan,100,4.8
SIOMAY MINI KERING 1KG TOPPING BASO ACI SEBLAK CUANKI,42500,Chsnackmedan,Medan,7,5.0
siomay mini kering toping baso aci seblak murah surabaya,52000,laatazal-surabaya,Surabaya,50,5.0
Cuanki Baso Tahu Kering ISI 100 untuk Seblak dan baso aci,29999,gaiagarut,Kab. Garut,500,4.9
"500 pcs Cuanki Tahu Stik Cuanki Panjang, Topping Baso Aci, Seblak",119000,Endo Shop ID,Kab. Garut,4,5.0
seblak coin 250gram,12000,Hosana Snack,Bogor,100,4.9
NAAGIH! Seblak Cuanki Baso Aci Boci Instant Kuliner Bandung Pedas Pool,8000,Ebay Store,Kab. Tangerang,100,5.0
Siomay mini 250 gram gurilem murah toping seblak boci,8000,CuankiCulametan,Kab. Garut,100,4.9
boci / baso aci / boci enak / harga murah isi banyak / bukan seblak,10000,khadizah shopp,Kab. Bogor,30,4.6
"BUNDLING 2 (1 SEBLAK , 1 BASO ACI, 1 KEJU AROMA)",61000,Sajodo Snack & Food,Tasikmalaya,15,4.9
PAKET SEBLAK INSTAN 10 BUNGKUS,38500,dakar_ofc,Kab. Mojokerto,1,0.0
seblak kacang enak gurih 100 Gr,5000,Y&M Snack,Bandung,9,5.0
KRUPUK JABLAY PEDAS 220GR/KRUPUK SEBLAK/CEMILAN SNACK/SNACK KILOAN.,12500,Agen Snack Murah,Jakarta Barat,40,4.9
Cuanki Lidah 130gram Isi 20 / Cuanki Toping Baso Aci Seblak,7200,TOKO BILQIS OFFICIAL STORE,Kab. Jombang,50,4.5
Seblak basreng original gurih ekstra daun jeruk 100 gram,5000,Seblak putra bandung,Kab. Bandung,100,4.8
Gurilem Siomay Mini Kering 500gr Toping Baso Aci Cuanki Seblak,17500,alien toko,Kab. Garut,750,4.8
Kylafood Seblak,19000,Ice Cream Universe,Denpasar,3,0.0
"cuanki tahu kering, batagor kering, isi 25 topping baso aci dan seblak",6999,Culametan Food,Kab. Garut,8,5.0
Seblak Instan Juara Sehati Khas Bandung,12500,Juara Sehati,Kab. Bandung,60,5.0
Kerupuk Seblak Kering Putih Ngembang Khas Keripik Pojok Riki Mang Odod,13999,Keripik Edun Bandung,Kab. Bandung,40,5.0
"Cuanki Lidah 40pcs Asli Bandung - Topping Cuanki, Seblak, Baso Aci",13500,Cuanki_Bandung,Kab. Bandung,100,4.7
Tahu batagor mini topping seblak,7000,LDRFOOD22,Cimahi,250,5.0
(bestseller)seblak ceker | 1 pack isi 20 bks,67300,Jhon Pranataxx,Kab. Bogor,0,0.0
Sj Seblak Instan Kemasan Teh Nina Best,21000,MOM COLLECTION',Bekasi,0,0.0
Seblak Geprek Soun Mie Samiraos 200gr,17000,Pedas Gilaa,Surabaya,250,4.9
U Mart - Kerupuk Merah Gado Gado/Bubur Ayam 1 kg Krupuk Orange Seblak,22500,U Mart Indonesia,Jakarta Selatan,100,4.9
seblak ceker dua putra,9500,edisnack,Tangerang Selatan,18,5.0
Kylafood Seblak Rempah Autentik,22990,Superindo Indonesia Raya,Tangerang Selatan,7,5.0
Seblak Koin Warna Odjolali Snack,11900,Odjolali Snack,Bandung,100,5.0
seblak potato 250 gram,11000,camilanbandung87,Kab. Bandung,100,4.8
seblak kering pedas daun jeruk seblak kencur pedas daun jeruk 250 gram,10888,Qie snack,Kab. Jember,17,5.0
SEBLAK INSTAN special bumbu kencur rasa lezat,5999,aghniya,Tangerang Selatan,2000,4.8
Siomay Kering Mini Produksi Pabrik Bandung Untuk Pembuatan Seblak,14000,MaFa Jaya,Kab. Bandung,500,4.9
SEBLAK INSTAN FCK BANDUNG TERLEZAT SEBLAK INSTANT JAMUR FCK SEBLAK ACI,13000,Uai Food,Surabaya,500,4.6
Cuanki tahu panjang stik isi 150 pcs toping seblak baso aci,33000,CuankiCulametan,Kab. Garut,50,5.0
"PAKET SANTAI (Basreng Ori 500gram, Basreng Pedas 500gram, Seblak 1",118000,Sajodo Snack & Food,Tasikmalaya,18,4.0
Seblak Juara ! Seblak Instan Rasa Original,115000,Rasa Juara Indonesia,Kab. Bandung,2000,4.9
SEBLAK BANTAT PEDES DAUN JERUK 250GR,19000,Madinah Oleh Oleh Bdg,Bandung,250,4.9
seblak rafael instan,35000,sarimart48,Jakarta Barat,4,5.0
SEBLAK KERING/SEBLAK KERING DAUN JERUK 1KG,34500,dakar_ofc,Kab. Mojokerto,2,0.0
Kerupuk Seblak Warna Warni,17000,Oncom Jaya Bdg,Bandung,90,4.8
kerupuk seblak tersanjung 250 gram,6000,Masak Sayur Bandung,Bandung,60,5.0
Cuanki Lidah JUMBO isi 100pcs toping Baso Aci Seblak,39199,gaiagarut,Kab. Garut,100,4.8
Pilus Cikur / Toping Baso Aci Seblak - 250gram,9000,TOKO BILQIS OFFICIAL STORE,Kab. Jombang,21,5.0
seblak instan tasikmalaya,3500,Seblakinstanofficial,Tasikmalaya,50,3.5
seblak kerupuk jengkol pedas jeruk isi 500gr,14999,seblak mitoha,Kab. Bandung,2,4.0
Seblak geprek hedon,16000,RGA Frozen,Depok,250,4.9
250gr Krupuk seblak mentah murahtersanjung keong makaroni udan,5100,Hana snack1,Surabaya,70,4.4
SEBLAK COBEK RAFAEL VIRAL,5940,Uai Food,Surabaya,3,5.0
Cuankie Tahu Segitiga Topping Baso Aci / Seblak,2500,Pusat Cuankie & Cemilan Frozen,Jakarta Timur,3000,4.8
Seblak instan seblak dhero seblak kering cemilan kekkinian,15000,Lestarishop24,Banjar,500,5.0
SEBLAK MANGADE DAUN JERUK BOX BESAR,10000,macaronimangade,Malang,100,4.9
SEBLAK INSTAN FCK BANDUNG LEZAT SEBLAK INSTANT JAMUR FCK SEBLAK,13000,Uai Food,Surabaya,26,5.0
SEBLAK INSTAN kemasan plastik,4550,QueenTwinShop25,Kab. Bekasi,2,5.0
BASRENG SEBLAK 1/4 KG (SAMBAL CIKUR JERUK),14999,Seblak Mang Muss,Tasikmalaya,500,4.9
SEBLAK TULANG RANGU MANGADE,16000,macaronimangade,Malang,30,4.6
Buy 1 get 1 keripik kaca / basreng viral / seblak / makroni,12500,KRIPCAKRIPCEU,Bandung,26,5.0
Pasar Keripik Cimol Seblak Pedas Kiloan,60000,Pasar Keripik Bandung,Bandung,26,5.0
Seblak lengkap murah,10599,Pebiie93,Jakarta Timur,250,5.0
"pilus cikur/kencur renceng isi 20 bks. baso aci, seblak, cemilan dll",9999,aghniya,Tangerang Selatan,250,5.0
Cireng kuah seblak,15000,Domiekusbyselatan,Surabaya,50,5.0
Bakso Baso Aci Isi Ayam Enak Rasa Seblak,14990,Mel's Store Official,Kab. Tangerang,16,5.0
kerupuk seblak mawar pedas daun jeruk,7999,uus shop 02,Surabaya,60,4.9
Seblak instan bumbu basah,6500,KenyangSehat,Surabaya,13,5.0
"Seblak soak basoaci sehot jawara pedas, pedasnya ancaman,cengek domba",12900,sehot bandung,Cimahi,500,4.9
SNACK SERBA 5 RIBU/ SNACK MURAH/ CEMILAN MURAH Part 3 SEBLAK,5000,Logisgood,Bandung,3,5.0
kerupuk seblak pedas jeruk 500gr,18000,dvn makaroni,Tasikmalaya,11,5.0
Cipet ukuran kecil isi 60 pcs toping baso aci seblak Dan cuanki,17000,alien toko,Kab. Garut,40,4.7
Seblak 250 gram,26900,Bintang Snack & Camilan,Semarang,100,5.0
Krupuk seblak//Krupuk Bantet 250gr,6000,Bunda alifba,Jakarta Barat,60,4.8
Seblak Bacitul Bakso Aci Tulang Rangu Kuah Seblak Jajanan Homifood,2000,DVA fashion and beauty,Bandung,10,5.0
Sebring Seblak Kering Bintang Kriuk Pedas Daun Jeruk 100gr,8000,KACIDA Raja Cemilan,Kab. Bandung,30,5.0
Cancimen Seblak Instant Pedas Original - Khas Bandung Gurih dan Pedas,17000,Zanana Official Store,Bandung,19,5.0
Seblak Bantat Boboko Pedas Daun Jeruk Level 20 Khas Bandung 125g,17700,Gerai Snack Official Shop,Kab. Tangerang,40,4.9
Kerupuk Bawang Seblak Bintang Mentah / Kerupuk Tersanjung 100 gram,4750,DelimaFCB,Surabaya,22,5.0
Bumbu Boci Bumbu Racikan Baso aci Atau seblak 100gr. Khas dianspshop,5000,dianspshop,Kab. Garut,70,4.8
Siomay Kering Mini untuk Seblak atau Baso aci,7000,RZTSHOP86,Bandung,19,5.0
SUKRO CIKUR RENYAH NGEPROS isi 1KG Pelengkap Baso Aci Cuanki Seblak,31359,gaiagarut,Kab. Garut,100,5.0
Mie Seblak Geprek Sami Raos Khas Garut Seblak Instant Kekinian 160gr,19700,Gerai Snack Official Shop,Kab. Tangerang,100,4.8
"KHUSUS GROSIRAN - SIOMAY cuanki isi 300pcs Toping Baso Aci, Seblak kha",79999,gaiagarut,Kab. Garut,7,5.0
Seblak Instan komplit,9000,Suncity.,Kab. Tangerang,250,4.8
KACIDA - Seblak Instan Jumbo Pedas Komplit,9000,KACIDA Raja Cemilan,Kab. Bandung,30,5.0
"makaroni spiral 1 kg,makaroni keriting,pedas extra daun jeruk,seblak",50000,anugrah seblak,Kab. Bandung,100,4.6
PAKET 1 BOCI EXTRA PEDAS + 1 TULANG RANGU + 1 SEBLAK BASRANGER INSTANT,50000,JM Snacks,Bandung,40,4.8
KERUPUK SEBLAK BUMBU KACANG 250gr,14500,FUNNY_SHOP,Bandung,10,4.8
Pilus kencur pilus cikur 1 kg toping seblak baso aci siap makan,30000,WaroenkDjajan,Kab. Sukabumi,1,0.0
cuanki/cuankie lidah 100 pcs termurah khas Garut baso Aci/seblak boci,32999,ArfaOnlineShop,Tangerang,30,5.0
SIOMAY KERING MINI 90 gram BASO ACI SEBLAK BANDUNG,27500,Uai Food,Surabaya,30,5.0
CIRENG SALJU KUAH SEBLAK,11000,MJJ303,Kab. Mojokerto,7,0.0
SOUN SEBLAK GEPREK SAMI ROAS - SOUN GEPREK - SOUN MIE,16900,sinergi snack,Depok,4,5.0
BUMBU KUAH CUANKI BASO ACO/BOCI SEBLAK ECERAN,699,ArfaOnlineShop,Tangerang,750,4.9
kerupuk seblak pedas daun jeruk,9900,afif jaya cemilan,Surabaya,100,4.7
Siomay Topping boci seblak cuanki 100 GRAM READY MEDAN,6000,Chsnackmedan,Medan,13,5.0
SEBLAK CILOK (SAMBAL CIKUR JERUK),14999,Seblak Mang Muss,Tasikmalaya,100,4.8
Seblak Instan Bandung Pedas Jeletot/Seblak Basah Kemasan Murah,8000,Mutiara snack store,Tasikmalaya,1000,4.9
Kerupuk Seblak Pedas Gurih aroma Kencur,15000,DUO BOCIL SNACK,Depok,1000,4.7
"siomay mini,  gurilem cimol pangsit 500 gram toping baso aci seblak",13500,Culametan Food,Kab. Garut,7,4.5
seblak ala mamang Rafael pedas mantull,6000,cemilan Bandungstore,Cimahi,24,5.0
MIE SEBLAK MURAH ENAK MANTAP MAKNYUSS,13999,dhioshopi,Denpasar,0,0.0
seblak basreng pedas daun jeruk isi 1kg geram,50000,seblak barokah 07,Kab. Bandung,50,4.7
Paket Toping Seblak,85000,Akku_shp,Kab. Purwakarta,0,0.0
KERUPUK SEBLAK MENTAH ORANGE 250GR,5500,cemilanmentahjakarta,Jakarta Utara,30,5.0
kerupuk seblak Rafael 100g,6000,ADDARSNACK,Kab. Cianjur,29,4.9
"pangsit segitiga, cipet isi 20 pcs topping baso aci dan seblak",6999,Culametan Food,Kab. Garut,11,5.0
"PAKET BLAKKUR ( SEBLAK INSTAN, PILUS CIKUR PEDAS JERUK)",30890,Sajodo Snack & Food,Tasikmalaya,11,5.0
